{"nb": {"params": {}, "score": 0.8006032300948215}, "knn": {"params": {"n_neighbors": 1}, "score": 0.8880332100138348}, "lr": {"params": {"penalty": "l1"}, "score": 0.9096209724132797}, "dt": {"params": {"max_depth": 10, "min_samples_leaf": 5, "min_samples_split": 5}, "score": 0.9034010508575682}, "rf": {"params": {"max_depth": 10, "min_samples_leaf": 2, "min_samples_split": 2}, "score": 0.9244445586641724}, "xgb": {"params": {"colsample_bytree": 0.5, "max_depth": 10, "reg_alpha": 1.0}, "score": 0.9477829810758784}, "svc": {"params": {"kernel": "rbf"}, "score": 0.9141001418059886}}